puma,timezone
puma_0100100,America/Chicago
puma_0100200,America/Chicago
puma_0100301,America/Chicago
puma_0100302,America/Chicago
puma_0100400,America/Chicago
puma_0100500,America/Chicago
puma_0100600,America/Chicago
puma_0100700,America/Chicago
puma_0100800,America/Chicago
puma_0100900,America/Chicago
puma_0101000,America/Chicago
puma_0101100,America/Chicago
puma_0101200,America/Chicago
puma_0101301,America/Chicago
puma_0101302,America/Chicago
puma_0101303,America/Chicago
puma_0101304,America/Chicago
puma_0101305,America/Chicago
puma_0101400,America/Chicago
puma_0101500,America/Chicago
puma_0101600,America/Chicago
puma_0101700,America/Chicago
puma_0101800,America/Chicago
puma_0101900,America/Chicago
puma_0102000,America/Chicago
puma_0102100,America/Chicago
puma_0102200,America/Chicago
puma_0102300,America/Chicago
puma_0102400,America/Chicago
puma_0102500,America/Chicago
puma_0102600,America/Chicago
puma_0102701,America/Chicago
puma_0102702,America/Chicago
puma_0102703,America/Chicago
puma_0400100,America/Phoenix
puma_0400101,America/Phoenix
puma_0400102,America/Phoenix
puma_0400103,America/Phoenix
puma_0400104,America/Phoenix
puma_0400105,America/Phoenix
puma_0400106,America/Phoenix
puma_0400107,America/Phoenix
puma_0400108,America/Phoenix
puma_0400109,America/Phoenix
puma_0400110,America/Phoenix
puma_0400111,America/Phoenix
puma_0400112,America/Phoenix
puma_0400113,America/Phoenix
puma_0400114,America/Phoenix
puma_0400115,America/Phoenix
puma_0400116,America/Phoenix
puma_0400117,America/Phoenix
puma_0400118,America/Phoenix
puma_0400119,America/Phoenix
puma_0400120,America/Phoenix
puma_0400121,America/Phoenix
puma_0400122,America/Phoenix
puma_0400123,America/Phoenix
puma_0400124,America/Phoenix
puma_0400125,America/Phoenix
puma_0400126,America/Phoenix
puma_0400127,America/Phoenix
puma_0400128,America/Phoenix
puma_0400129,America/Phoenix
puma_0400130,America/Phoenix
puma_0400131,America/Phoenix
puma_0400132,America/Phoenix
puma_0400133,America/Phoenix
puma_0400134,America/Phoenix
puma_0400201,America/Phoenix
puma_0400202,America/Phoenix
puma_0400203,America/Phoenix
puma_0400204,America/Phoenix
puma_0400205,America/Phoenix
puma_0400206,America/Phoenix
puma_0400207,America/Phoenix
puma_0400208,America/Phoenix
puma_0400209,America/Phoenix
puma_0400300,America/Denver
puma_0400400,America/Phoenix
puma_0400500,America/Phoenix
puma_0400600,America/Phoenix
puma_0400700,America/Phoenix
puma_0400800,America/Phoenix
puma_0400803,America/Phoenix
puma_0400805,America/Phoenix
puma_0400807,America/Phoenix
puma_0400900,America/Phoenix
puma_0500100,America/Chicago
puma_0500200,America/Chicago
puma_0500300,America/Chicago
puma_0500400,America/Chicago
puma_0500500,America/Chicago
puma_0500600,America/Chicago
puma_0500700,America/Chicago
puma_0500800,America/Chicago
puma_0500900,America/Chicago
puma_0501000,America/Chicago
puma_0501100,America/Chicago
puma_0501200,America/Chicago
puma_0501300,America/Chicago
puma_0501400,America/Chicago
puma_0501500,America/Chicago
puma_0501600,America/Chicago
puma_0501700,America/Chicago
puma_0501800,America/Chicago
puma_0501900,America/Chicago
puma_0502000,America/Chicago
puma_0600101,America/Los_Angeles
puma_0600102,America/Los_Angeles
puma_0600103,America/Los_Angeles
puma_0600104,America/Los_Angeles
puma_0600105,America/Los_Angeles
puma_0600106,America/Los_Angeles
puma_0600107,America/Los_Angeles
puma_0600108,America/Los_Angeles
puma_0600109,America/Los_Angeles
puma_0600110,America/Los_Angeles
puma_0600300,America/Los_Angeles
puma_0600701,America/Los_Angeles
puma_0600702,America/Los_Angeles
puma_0601100,America/Los_Angeles
puma_0601301,America/Los_Angeles
puma_0601302,America/Los_Angeles
puma_0601303,America/Los_Angeles
puma_0601304,America/Los_Angeles
puma_0601305,America/Los_Angeles
puma_0601306,America/Los_Angeles
puma_0601307,America/Los_Angeles
puma_0601308,America/Los_Angeles
puma_0601309,America/Los_Angeles
puma_0601500,America/Los_Angeles
puma_0601700,America/Los_Angeles
puma_0601901,America/Los_Angeles
puma_0601902,America/Los_Angeles
puma_0601903,America/Los_Angeles
puma_0601904,America/Los_Angeles
puma_0601905,America/Los_Angeles
puma_0601906,America/Los_Angeles
puma_0601907,America/Los_Angeles
puma_0602300,America/Los_Angeles
puma_0602500,America/Los_Angeles
puma_0602901,America/Los_Angeles
puma_0602902,America/Los_Angeles
puma_0602903,America/Los_Angeles
puma_0602904,America/Los_Angeles
puma_0602905,America/Los_Angeles
puma_0603100,America/Los_Angeles
puma_0603300,America/Los_Angeles
puma_0603701,America/Los_Angeles
puma_0603702,America/Los_Angeles
puma_0603703,America/Los_Angeles
puma_0603704,America/Los_Angeles
puma_0603705,America/Los_Angeles
puma_0603706,America/Los_Angeles
puma_0603707,America/Los_Angeles
puma_0603708,America/Los_Angeles
puma_0603709,America/Los_Angeles
puma_0603710,America/Los_Angeles
puma_0603711,America/Los_Angeles
puma_0603712,America/Los_Angeles
puma_0603713,America/Los_Angeles
puma_0603714,America/Los_Angeles
puma_0603715,America/Los_Angeles
puma_0603716,America/Los_Angeles
puma_0603717,America/Los_Angeles
puma_0603718,America/Los_Angeles
puma_0603719,America/Los_Angeles
puma_0603720,America/Los_Angeles
puma_0603721,America/Los_Angeles
puma_0603722,America/Los_Angeles
puma_0603723,America/Los_Angeles
puma_0603724,America/Los_Angeles
puma_0603725,America/Los_Angeles
puma_0603726,America/Los_Angeles
puma_0603727,America/Los_Angeles
puma_0603728,America/Los_Angeles
puma_0603729,America/Los_Angeles
puma_0603730,America/Los_Angeles
puma_0603731,America/Los_Angeles
puma_0603732,America/Los_Angeles
puma_0603733,America/Los_Angeles
puma_0603734,America/Los_Angeles
puma_0603735,America/Los_Angeles
puma_0603736,America/Los_Angeles
puma_0603737,America/Los_Angeles
puma_0603738,America/Los_Angeles
puma_0603739,America/Los_Angeles
puma_0603740,America/Los_Angeles
puma_0603741,America/Los_Angeles
puma_0603742,America/Los_Angeles
puma_0603743,America/Los_Angeles
puma_0603744,America/Los_Angeles
puma_0603745,America/Los_Angeles
puma_0603746,America/Los_Angeles
puma_0603747,America/Los_Angeles
puma_0603748,America/Los_Angeles
puma_0603749,America/Los_Angeles
puma_0603750,America/Los_Angeles
puma_0603751,America/Los_Angeles
puma_0603752,America/Los_Angeles
puma_0603753,America/Los_Angeles
puma_0603754,America/Los_Angeles
puma_0603755,America/Los_Angeles
puma_0603756,America/Los_Angeles
puma_0603757,America/Los_Angeles
puma_0603758,America/Los_Angeles
puma_0603759,America/Los_Angeles
puma_0603760,America/Los_Angeles
puma_0603761,America/Los_Angeles
puma_0603762,America/Los_Angeles
puma_0603763,America/Los_Angeles
puma_0603764,America/Los_Angeles
puma_0603765,America/Los_Angeles
puma_0603766,America/Los_Angeles
puma_0603767,America/Los_Angeles
puma_0603768,America/Los_Angeles
puma_0603769,America/Los_Angeles
puma_0603900,America/Los_Angeles
puma_0604101,America/Los_Angeles
puma_0604102,America/Los_Angeles
puma_0604701,America/Los_Angeles
puma_0604702,America/Los_Angeles
puma_0605301,America/Los_Angeles
puma_0605302,America/Los_Angeles
puma_0605303,America/Los_Angeles
puma_0605500,America/Los_Angeles
puma_0605700,America/Los_Angeles
puma_0605901,America/Los_Angeles
puma_0605902,America/Los_Angeles
puma_0605903,America/Los_Angeles
puma_0605904,America/Los_Angeles
puma_0605905,America/Los_Angeles
puma_0605906,America/Los_Angeles
puma_0605907,America/Los_Angeles
puma_0605908,America/Los_Angeles
puma_0605909,America/Los_Angeles
puma_0605910,America/Los_Angeles
puma_0605911,America/Los_Angeles
puma_0605912,America/Los_Angeles
puma_0605913,America/Los_Angeles
puma_0605914,America/Los_Angeles
puma_0605915,America/Los_Angeles
puma_0605916,America/Los_Angeles
puma_0605917,America/Los_Angeles
puma_0605918,America/Los_Angeles
puma_0606101,America/Los_Angeles
puma_0606102,America/Los_Angeles
puma_0606103,America/Los_Angeles
puma_0606501,America/Los_Angeles
puma_0606502,America/Los_Angeles
puma_0606503,America/Los_Angeles
puma_0606504,America/Los_Angeles
puma_0606505,America/Los_Angeles
puma_0606506,America/Los_Angeles
puma_0606507,America/Los_Angeles
puma_0606508,America/Los_Angeles
puma_0606509,America/Los_Angeles
puma_0606510,America/Los_Angeles
puma_0606511,America/Los_Angeles
puma_0606512,America/Los_Angeles
puma_0606513,America/Los_Angeles
puma_0606514,America/Los_Angeles
puma_0606515,America/Los_Angeles
puma_0606701,America/Los_Angeles
puma_0606702,America/Los_Angeles
puma_0606703,America/Los_Angeles
puma_0606704,America/Los_Angeles
puma_0606705,America/Los_Angeles
puma_0606706,America/Los_Angeles
puma_0606707,America/Los_Angeles
puma_0606708,America/Los_Angeles
puma_0606709,America/Los_Angeles
puma_0606710,America/Los_Angeles
puma_0606711,America/Los_Angeles
puma_0606712,America/Los_Angeles
puma_0607101,America/Los_Angeles
puma_0607102,America/Los_Angeles
puma_0607103,America/Los_Angeles
puma_0607104,America/Los_Angeles
puma_0607105,America/Los_Angeles
puma_0607106,America/Los_Angeles
puma_0607107,America/Los_Angeles
puma_0607108,America/Los_Angeles
puma_0607109,America/Los_Angeles
puma_0607110,America/Los_Angeles
puma_0607111,America/Los_Angeles
puma_0607112,America/Los_Angeles
puma_0607113,America/Los_Angeles
puma_0607114,America/Los_Angeles
puma_0607115,America/Los_Angeles
puma_0607301,America/Los_Angeles
puma_0607302,America/Los_Angeles
puma_0607303,America/Los_Angeles
puma_0607304,America/Los_Angeles
puma_0607305,America/Los_Angeles
puma_0607306,America/Los_Angeles
puma_0607307,America/Los_Angeles
puma_0607308,America/Los_Angeles
puma_0607309,America/Los_Angeles
puma_0607310,America/Los_Angeles
puma_0607311,America/Los_Angeles
puma_0607312,America/Los_Angeles
puma_0607313,America/Los_Angeles
puma_0607314,America/Los_Angeles
puma_0607315,America/Los_Angeles
puma_0607316,America/Los_Angeles
puma_0607317,America/Los_Angeles
puma_0607318,America/Los_Angeles
puma_0607319,America/Los_Angeles
puma_0607320,America/Los_Angeles
puma_0607321,America/Los_Angeles
puma_0607322,America/Los_Angeles
puma_0607501,America/Los_Angeles
puma_0607502,America/Los_Angeles
puma_0607503,America/Los_Angeles
puma_0607504,America/Los_Angeles
puma_0607505,America/Los_Angeles
puma_0607506,America/Los_Angeles
puma_0607507,America/Los_Angeles
puma_0607701,America/Los_Angeles
puma_0607702,America/Los_Angeles
puma_0607703,America/Los_Angeles
puma_0607704,America/Los_Angeles
puma_0607901,America/Los_Angeles
puma_0607902,America/Los_Angeles
puma_0608101,America/Los_Angeles
puma_0608102,America/Los_Angeles
puma_0608103,America/Los_Angeles
puma_0608104,America/Los_Angeles
puma_0608105,America/Los_Angeles
puma_0608106,America/Los_Angeles
puma_0608301,America/Los_Angeles
puma_0608302,America/Los_Angeles
puma_0608303,America/Los_Angeles
puma_0608501,America/Los_Angeles
puma_0608502,America/Los_Angeles
puma_0608503,America/Los_Angeles
puma_0608504,America/Los_Angeles
puma_0608505,America/Los_Angeles
puma_0608506,America/Los_Angeles
puma_0608507,America/Los_Angeles
puma_0608508,America/Los_Angeles
puma_0608509,America/Los_Angeles
puma_0608510,America/Los_Angeles
puma_0608511,America/Los_Angeles
puma_0608512,America/Los_Angeles
puma_0608513,America/Los_Angeles
puma_0608514,America/Los_Angeles
puma_0608701,America/Los_Angeles
puma_0608702,America/Los_Angeles
puma_0608900,America/Los_Angeles
puma_0609501,America/Los_Angeles
puma_0609502,America/Los_Angeles
puma_0609503,America/Los_Angeles
puma_0609701,America/Los_Angeles
puma_0609702,America/Los_Angeles
puma_0609703,America/Los_Angeles
puma_0609901,America/Los_Angeles
puma_0609902,America/Los_Angeles
puma_0609903,America/Los_Angeles
puma_0609904,America/Los_Angeles
puma_0610100,America/Los_Angeles
puma_0610701,America/Los_Angeles
puma_0610702,America/Los_Angeles
puma_0610703,America/Los_Angeles
puma_0611101,America/Los_Angeles
puma_0611102,America/Los_Angeles
puma_0611103,America/Los_Angeles
puma_0611104,America/Los_Angeles
puma_0611105,America/Los_Angeles
puma_0611106,America/Los_Angeles
puma_0611300,America/Los_Angeles
puma_0800100,America/Denver
puma_0800102,America/Denver
puma_0800103,America/Denver
puma_0800200,America/Denver
puma_0800300,America/Denver
puma_0800400,America/Denver
puma_0800600,America/Denver
puma_0800700,America/Denver
puma_0800800,America/Denver
puma_0800801,America/Denver
puma_0800802,America/Denver
puma_0800803,America/Denver
puma_0800804,America/Denver
puma_0800805,America/Denver
puma_0800806,America/Denver
puma_0800807,America/Denver
puma_0800808,America/Denver
puma_0800809,America/Denver
puma_0800810,America/Denver
puma_0800811,America/Denver
puma_0800812,America/Denver
puma_0800813,America/Denver
puma_0800814,America/Denver
puma_0800815,America/Denver
puma_0800816,America/Denver
puma_0800817,America/Denver
puma_0800818,America/Denver
puma_0800819,America/Denver
puma_0800820,America/Denver
puma_0800821,America/Denver
puma_0800822,America/Denver
puma_0800823,America/Denver
puma_0800824,America/Denver
puma_0800900,America/Denver
puma_0801001,America/Denver
puma_0801002,America/Denver
puma_0804101,America/Denver
puma_0804102,America/Denver
puma_0804103,America/Denver
puma_0804104,America/Denver
puma_0804105,America/Denver
puma_0804106,America/Denver
puma_0900100,America/New_York
puma_0900101,America/New_York
puma_0900102,America/New_York
puma_0900103,America/New_York
puma_0900104,America/New_York
puma_0900105,America/New_York
puma_0900300,America/New_York
puma_0900301,America/New_York
puma_0900302,America/New_York
puma_0900303,America/New_York
puma_0900304,America/New_York
puma_0900305,America/New_York
puma_0900306,America/New_York
puma_0900500,America/New_York
puma_0900700,America/New_York
puma_0900900,America/New_York
puma_0900901,America/New_York
puma_0900902,America/New_York
puma_0900903,America/New_York
puma_0900904,America/New_York
puma_0900905,America/New_York
puma_0900906,America/New_York
puma_0901100,America/New_York
puma_0901101,America/New_York
puma_0901300,America/New_York
puma_0901500,America/New_York
puma_1000101,America/New_York
puma_1000102,America/New_York
puma_1000103,America/New_York
puma_1000104,America/New_York
puma_1000200,America/New_York
puma_1000300,America/New_York
puma_1100101,America/New_York
puma_1100102,America/New_York
puma_1100103,America/New_York
puma_1100104,America/New_York
puma_1100105,America/New_York
puma_1200101,America/New_York
puma_1200102,America/New_York
puma_1200500,America/Chicago
puma_1200901,America/New_York
puma_1200902,America/New_York
puma_1200903,America/New_York
puma_1200904,America/New_York
puma_1201101,America/New_York
puma_1201102,America/New_York
puma_1201103,America/New_York
puma_1201104,America/New_York
puma_1201105,America/New_York
puma_1201106,America/New_York
puma_1201107,America/New_York
puma_1201108,America/New_York
puma_1201109,America/New_York
puma_1201110,America/New_York
puma_1201111,America/New_York
puma_1201112,America/New_York
puma_1201113,America/New_York
puma_1201114,America/New_York
puma_1201500,America/New_York
puma_1201701,America/New_York
puma_1201900,America/New_York
puma_1202101,America/New_York
puma_1202102,America/New_York
puma_1202103,America/New_York
puma_1202300,America/New_York
puma_1202700,America/New_York
puma_1203101,America/New_York
puma_1203102,America/New_York
puma_1203103,America/New_York
puma_1203104,America/New_York
puma_1203105,America/New_York
puma_1203106,America/New_York
puma_1203107,America/New_York
puma_1203301,America/Chicago
puma_1203302,America/Chicago
puma_1203500,America/New_York
puma_1205301,America/New_York
puma_1205701,America/New_York
puma_1205702,America/New_York
puma_1205703,America/New_York
puma_1205704,America/New_York
puma_1205705,America/New_York
puma_1205706,America/New_York
puma_1205707,America/New_York
puma_1205708,America/New_York
puma_1206100,America/New_York
puma_1206300,America/New_York
puma_1206901,America/New_York
puma_1206902,America/New_York
puma_1206903,America/New_York
puma_1207101,America/New_York
puma_1207102,America/New_York
puma_1207103,America/New_York
puma_1207104,America/New_York
puma_1207105,America/New_York
puma_1207300,America/New_York
puma_1207301,America/New_York
puma_1208101,America/New_York
puma_1208102,America/New_York
puma_1208103,America/New_York
puma_1208301,America/New_York
puma_1208302,America/New_York
puma_1208303,America/New_York
puma_1208500,America/New_York
puma_1208601,America/New_York
puma_1208602,America/New_York
puma_1208603,America/New_York
puma_1208604,America/New_York
puma_1208605,America/New_York
puma_1208606,America/New_York
puma_1208607,America/New_York
puma_1208608,America/New_York
puma_1208609,America/New_York
puma_1208610,America/New_York
puma_1208611,America/New_York
puma_1208612,America/New_York
puma_1208613,America/New_York
puma_1208614,America/New_York
puma_1208615,America/New_York
puma_1208616,America/New_York
puma_1208617,America/New_York
puma_1208618,America/New_York
puma_1208619,America/New_York
puma_1208620,America/New_York
puma_1208621,America/New_York
puma_1208622,America/New_York
puma_1208623,America/New_York
puma_1208624,America/New_York
puma_1208700,America/New_York
puma_1208900,America/New_York
puma_1209100,America/Chicago
puma_1209300,America/New_York
puma_1209501,America/New_York
puma_1209502,America/New_York
puma_1209503,America/New_York
puma_1209504,America/New_York
puma_1209505,America/New_York
puma_1209506,America/New_York
puma_1209507,America/New_York
puma_1209508,America/New_York
puma_1209509,America/New_York
puma_1209510,America/New_York
puma_1209701,America/New_York
puma_1209702,America/New_York
puma_1209901,America/New_York
puma_1209902,America/New_York
puma_1209903,America/New_York
puma_1209904,America/New_York
puma_1209905,America/New_York
puma_1209906,America/New_York
puma_1209907,America/New_York
puma_1209908,America/New_York
puma_1209909,America/New_York
puma_1209910,America/New_York
puma_1209911,America/New_York
puma_1210101,America/New_York
puma_1210102,America/New_York
puma_1210103,America/New_York
puma_1210104,America/New_York
puma_1210301,America/New_York
puma_1210302,America/New_York
puma_1210303,America/New_York
puma_1210304,America/New_York
puma_1210305,America/New_York
puma_1210306,America/New_York
puma_1210307,America/New_York
puma_1210308,America/New_York
puma_1210501,America/New_York
puma_1210502,America/New_York
puma_1210503,America/New_York
puma_1210504,America/New_York
puma_1210700,America/New_York
puma_1210900,America/New_York
puma_1211101,America/New_York
puma_1211102,America/New_York
puma_1211300,America/Chicago
puma_1211501,America/New_York
puma_1211502,America/New_York
puma_1211503,America/New_York
puma_1211701,America/New_York
puma_1211702,America/New_York
puma_1211703,America/New_York
puma_1211704,America/New_York
puma_1212100,America/New_York
puma_1212701,America/New_York
puma_1212702,America/New_York
puma_1212703,America/New_York
puma_1212704,America/New_York
puma_1300100,America/New_York
puma_1300200,America/New_York
puma_1300300,America/New_York
puma_1300401,America/New_York
puma_1300402,America/New_York
puma_1300500,America/New_York
puma_1300600,America/New_York
puma_1300700,America/New_York
puma_1300800,America/New_York
puma_1300900,America/New_York
puma_1301001,America/New_York
puma_1301002,America/New_York
puma_1301003,America/New_York
puma_1301004,America/New_York
puma_1301005,America/New_York
puma_1301006,America/New_York
puma_1301007,America/New_York
puma_1301008,America/New_York
puma_1301100,America/New_York
puma_1301200,America/New_York
puma_1301300,America/New_York
puma_1301400,America/New_York
puma_1301500,America/New_York
puma_1301600,America/New_York
puma_1301700,America/New_York
puma_1301800,America/New_York
puma_1301900,America/New_York
puma_1302001,America/New_York
puma_1302002,America/New_York
puma_1302003,America/New_York
puma_1302004,America/New_York
puma_1302100,America/New_York
puma_1302200,America/New_York
puma_1302300,America/New_York
puma_1302400,America/New_York
puma_1302500,America/New_York
puma_1302600,America/New_York
puma_1302700,America/New_York
puma_1302800,America/New_York
puma_1302900,America/New_York
puma_1303001,America/New_York
puma_1303002,America/New_York
puma_1303003,America/New_York
puma_1303004,America/New_York
puma_1303005,America/New_York
puma_1303101,America/New_York
puma_1303102,America/New_York
puma_1303200,America/New_York
puma_1303300,America/New_York
puma_1303400,America/New_York
puma_1303500,America/New_York
puma_1303600,America/New_York
puma_1303700,America/New_York
puma_1303800,America/New_York
puma_1303900,America/New_York
puma_1304000,America/New_York
puma_1304001,America/New_York
puma_1304002,America/New_York
puma_1304003,America/New_York
puma_1304004,America/New_York
puma_1304005,America/New_York
puma_1304006,America/New_York
puma_1304100,America/New_York
puma_1304200,America/New_York
puma_1304300,America/New_York
puma_1304400,America/New_York
puma_1304500,America/New_York
puma_1304600,America/New_York
puma_1305001,America/New_York
puma_1305002,America/New_York
puma_1306001,America/New_York
puma_1306002,America/New_York
puma_1600100,America/Los_Angeles
puma_1600200,America/Los_Angeles
puma_1600300,America/Boise
puma_1600400,America/Boise
puma_1600500,America/Boise
puma_1600600,America/Boise
puma_1600701,America/Boise
puma_1600702,America/Boise
puma_1600800,America/Boise
puma_1600900,America/Boise
puma_1601000,America/Boise
puma_1601100,America/Boise
puma_1601200,America/Boise
puma_1601300,America/Boise
puma_1700104,America/Chicago
puma_1700105,America/Chicago
puma_1700202,America/Chicago
puma_1700300,America/Chicago
puma_1700401,America/Chicago
puma_1700501,America/Chicago
puma_1700600,America/Chicago
puma_1700700,America/Chicago
puma_1700800,America/Chicago
puma_1700900,America/Chicago
puma_1701001,America/Chicago
puma_1701104,America/Chicago
puma_1701105,America/Chicago
puma_1701204,America/Chicago
puma_1701205,America/Chicago
puma_1701300,America/Chicago
puma_1701500,America/Chicago
puma_1701602,America/Chicago
puma_1701701,America/Chicago
puma_1701900,America/Chicago
puma_1702000,America/Chicago
puma_1702100,America/Chicago
puma_1702200,America/Chicago
puma_1702300,America/Chicago
puma_1702400,America/Chicago
puma_1702501,America/Chicago
puma_1702601,America/Chicago
puma_1702700,America/Chicago
puma_1702801,America/Chicago
puma_1702901,America/Chicago
puma_1703005,America/Chicago
puma_1703007,America/Chicago
puma_1703008,America/Chicago
puma_1703009,America/Chicago
puma_1703102,America/Chicago
puma_1703105,America/Chicago
puma_1703106,America/Chicago
puma_1703107,America/Chicago
puma_1703108,America/Chicago
puma_1703202,America/Chicago
puma_1703203,America/Chicago
puma_1703204,America/Chicago
puma_1703205,America/Chicago
puma_1703207,America/Chicago
puma_1703208,America/Chicago
puma_1703209,America/Chicago
puma_1703306,America/Chicago
puma_1703307,America/Chicago
puma_1703308,America/Chicago
puma_1703309,America/Chicago
puma_1703310,America/Chicago
puma_1703401,America/Chicago
puma_1703407,America/Chicago
puma_1703408,America/Chicago
puma_1703409,America/Chicago
puma_1703410,America/Chicago
puma_1703411,America/Chicago
puma_1703412,America/Chicago
puma_1703413,America/Chicago
puma_1703414,America/Chicago
puma_1703415,America/Chicago
puma_1703416,America/Chicago
puma_1703417,America/Chicago
puma_1703418,America/Chicago
puma_1703419,America/Chicago
puma_1703420,America/Chicago
puma_1703421,America/Chicago
puma_1703422,America/Chicago
puma_1703501,America/Chicago
puma_1703502,America/Chicago
puma_1703503,America/Chicago
puma_1703504,America/Chicago
puma_1703520,America/Chicago
puma_1703521,America/Chicago
puma_1703522,America/Chicago
puma_1703523,America/Chicago
puma_1703524,America/Chicago
puma_1703525,America/Chicago
puma_1703526,America/Chicago
puma_1703527,America/Chicago
puma_1703528,America/Chicago
puma_1703529,America/Chicago
puma_1703530,America/Chicago
puma_1703531,America/Chicago
puma_1703532,America/Chicago
puma_1703601,America/Chicago
puma_1703602,America/Chicago
puma_1703700,America/Chicago
puma_1800101,America/Chicago
puma_1800102,America/Chicago
puma_1800103,America/Chicago
puma_1800104,America/Chicago
puma_1800200,America/Chicago
puma_1800300,America/Chicago
puma_1800401,America/Indiana/Indianapolis
puma_1800402,America/Indiana/Indianapolis
puma_1800500,America/Indiana/Indianapolis
puma_1800600,America/Indiana/Indianapolis
puma_1800700,America/Chicago
puma_1800800,America/Indiana/Indianapolis
puma_1800900,America/Indiana/Indianapolis
puma_1801001,America/Indiana/Indianapolis
puma_1801002,America/Indiana/Indianapolis
puma_1801003,America/Indiana/Indianapolis
puma_1801100,America/Indiana/Indianapolis
puma_1801200,America/Indiana/Indianapolis
puma_1801300,America/Indiana/Indianapolis
puma_1801400,America/Indiana/Indianapolis
puma_1801500,America/Indiana/Indianapolis
puma_1801600,America/Indiana/Indianapolis
puma_1801700,America/Indiana/Indianapolis
puma_1801801,America/Indiana/Indianapolis
puma_1801802,America/Indiana/Indianapolis
puma_1801803,America/Indiana/Indianapolis
puma_1801900,America/Indiana/Indianapolis
puma_1802000,America/Indiana/Indianapolis
puma_1802100,America/Indiana/Indianapolis
puma_1802200,America/Indiana/Indianapolis
puma_1802301,America/Indiana/Indianapolis
puma_1802302,America/Indiana/Indianapolis
puma_1802303,America/Indiana/Indianapolis
puma_1802304,America/Indiana/Indianapolis
puma_1802305,America/Indiana/Indianapolis
puma_1802306,America/Indiana/Indianapolis
puma_1802307,America/Indiana/Indianapolis
puma_1802400,America/Indiana/Indianapolis
puma_1802500,America/Indiana/Indianapolis
puma_1802600,America/Indiana/Indianapolis
puma_1802700,America/Indiana/Indianapolis
puma_1802800,America/Indiana/Indianapolis
puma_1802900,America/Indiana/Indianapolis
puma_1803000,America/Indiana/Indianapolis
puma_1803100,America/Indiana/Indianapolis
puma_1803200,America/Chicago
puma_1803300,America/Chicago
puma_1803400,America/Indiana/Vincennes
puma_1803500,America/Kentucky/Louisville
puma_1803600,America/Kentucky/Louisville
puma_1900100,America/Chicago
puma_1900200,America/Chicago
puma_1900400,America/Chicago
puma_1900500,America/Chicago
puma_1900600,America/Chicago
puma_1900700,America/Chicago
puma_1900800,America/Chicago
puma_1900900,America/Chicago
puma_1901000,America/Chicago
puma_1901100,America/Chicago
puma_1901200,America/Chicago
puma_1901300,America/Chicago
puma_1901400,America/Chicago
puma_1901500,America/Chicago
puma_1901600,America/Chicago
puma_1901700,America/Chicago
puma_1901800,America/Chicago
puma_1901900,America/Chicago
puma_1902000,America/Chicago
puma_1902100,America/Chicago
puma_1902200,America/Chicago
puma_1902300,America/Chicago
puma_2000100,America/Chicago
puma_2000200,America/Chicago
puma_2000300,America/Chicago
puma_2000400,America/Chicago
puma_2000500,America/Chicago
puma_2000601,America/Chicago
puma_2000602,America/Chicago
puma_2000603,America/Chicago
puma_2000604,America/Chicago
puma_2000700,America/Chicago
puma_2000801,America/Chicago
puma_2000802,America/Chicago
puma_2000900,America/Chicago
puma_2001000,America/Chicago
puma_2001100,America/Chicago
puma_2001200,America/Chicago
puma_2001301,America/Chicago
puma_2001302,America/Chicago
puma_2001303,America/Chicago
puma_2001304,America/Chicago
puma_2001400,America/Chicago
puma_2001500,America/Chicago
puma_2100100,America/Chicago
puma_2100200,America/Chicago
puma_2100300,America/Chicago
puma_2100400,America/Chicago
puma_2100500,America/Chicago
puma_2100600,America/Chicago
puma_2100700,America/New_York
puma_2100800,America/New_York
puma_2100900,America/New_York
puma_2101000,America/New_York
puma_2101100,America/New_York
puma_2101200,America/New_York
puma_2101300,America/Chicago
puma_2101400,America/Chicago
puma_2101500,America/Chicago
puma_2101600,America/New_York
puma_2101701,America/Kentucky/Louisville
puma_2101702,America/Kentucky/Louisville
puma_2101703,America/Kentucky/Louisville
puma_2101704,America/Kentucky/Louisville
puma_2101705,America/Kentucky/Louisville
puma_2101706,America/Kentucky/Louisville
puma_2101800,America/New_York
puma_2101901,America/New_York
puma_2101902,America/New_York
puma_2102000,America/New_York
puma_2102100,America/New_York
puma_2102200,America/New_York
puma_2102300,America/New_York
puma_2102400,America/New_York
puma_2102500,America/New_York
puma_2102600,America/New_York
puma_2102700,America/New_York
puma_2102800,America/New_York
puma_2200100,America/Chicago
puma_2200101,America/Chicago
puma_2200200,America/Chicago
puma_2200300,America/Chicago
puma_2200400,America/Chicago
puma_2200500,America/Chicago
puma_2200600,America/Chicago
puma_2200700,America/Chicago
puma_2200800,America/Chicago
puma_2200900,America/Chicago
puma_2201000,America/Chicago
puma_2201100,America/Chicago
puma_2201200,America/Chicago
puma_2201201,America/Chicago
puma_2201300,America/Chicago
puma_2201400,America/Chicago
puma_2201500,America/Chicago
puma_2201501,America/Chicago
puma_2201502,America/Chicago
puma_2201600,America/Chicago
puma_2201700,America/Chicago
puma_2201800,America/Chicago
puma_2201900,America/Chicago
puma_2202000,America/Chicago
puma_2202100,America/Chicago
puma_2202200,America/Chicago
puma_2202201,America/Chicago
puma_2202300,America/Chicago
puma_2202301,America/Chicago
puma_2202302,America/Chicago
puma_2202400,America/Chicago
puma_2202401,America/Chicago
puma_2202402,America/Chicago
puma_2202500,America/Chicago
puma_2300100,America/New_York
puma_2300200,America/New_York
puma_2300300,America/New_York
puma_2300400,America/New_York
puma_2300500,America/New_York
puma_2300600,America/New_York
puma_2300700,America/New_York
puma_2300800,America/New_York
puma_2300900,America/New_York
puma_2301000,America/New_York
puma_2400100,America/New_York
puma_2400200,America/New_York
puma_2400301,America/New_York
puma_2400302,America/New_York
puma_2400400,America/New_York
puma_2400501,America/New_York
puma_2400502,America/New_York
puma_2400503,America/New_York
puma_2400504,America/New_York
puma_2400505,America/New_York
puma_2400506,America/New_York
puma_2400507,America/New_York
puma_2400601,America/New_York
puma_2400602,America/New_York
puma_2400700,America/New_York
puma_2400801,America/New_York
puma_2400802,America/New_York
puma_2400803,America/New_York
puma_2400804,America/New_York
puma_2400805,America/New_York
puma_2400901,America/New_York
puma_2400902,America/New_York
puma_2401001,America/New_York
puma_2401002,America/New_York
puma_2401003,America/New_York
puma_2401004,America/New_York
puma_2401005,America/New_York
puma_2401006,America/New_York
puma_2401007,America/New_York
puma_2401101,America/New_York
puma_2401102,America/New_York
puma_2401103,America/New_York
puma_2401104,America/New_York
puma_2401105,America/New_York
puma_2401106,America/New_York
puma_2401107,America/New_York
puma_2401201,America/New_York
puma_2401202,America/New_York
puma_2401203,America/New_York
puma_2401204,America/New_York
puma_2401300,America/New_York
puma_2401400,America/New_York
puma_2401500,America/New_York
puma_2401600,America/New_York
puma_2500100,America/New_York
puma_2500200,America/New_York
puma_2500300,America/New_York
puma_2500301,America/New_York
puma_2500302,America/New_York
puma_2500303,America/New_York
puma_2500304,America/New_York
puma_2500400,America/New_York
puma_2500501,America/New_York
puma_2500502,America/New_York
puma_2500503,America/New_York
puma_2500504,America/New_York
puma_2500505,America/New_York
puma_2500506,America/New_York
puma_2500507,America/New_York
puma_2500508,America/New_York
puma_2500701,America/New_York
puma_2500702,America/New_York
puma_2500703,America/New_York
puma_2500704,America/New_York
puma_2501000,America/New_York
puma_2501300,America/New_York
puma_2501400,America/New_York
puma_2501600,America/New_York
puma_2501900,America/New_York
puma_2501901,America/New_York
puma_2501902,America/New_York
puma_2502400,America/New_York
puma_2502800,America/New_York
puma_2503301,America/New_York
puma_2503302,America/New_York
puma_2503303,America/New_York
puma_2503304,America/New_York
puma_2503305,America/New_York
puma_2503306,America/New_York
puma_2503400,America/New_York
puma_2503500,America/New_York
puma_2503601,America/New_York
puma_2503602,America/New_York
puma_2503603,America/New_York
puma_2503900,America/New_York
puma_2504000,America/New_York
puma_2504200,America/New_York
puma_2504301,America/New_York
puma_2504302,America/New_York
puma_2504303,America/New_York
puma_2504500,America/New_York
puma_2504700,America/New_York
puma_2504800,America/New_York
puma_2504901,America/New_York
puma_2504902,America/New_York
puma_2504903,America/New_York
puma_2600100,America/Detroit
puma_2600200,America/Detroit
puma_2600300,America/Detroit
puma_2600400,America/Detroit
puma_2600500,America/Detroit
puma_2600600,America/Detroit
puma_2600700,America/Detroit
puma_2600801,America/Detroit
puma_2600802,America/Detroit
puma_2600900,America/Detroit
puma_2601001,America/Detroit
puma_2601002,America/Detroit
puma_2601003,America/Detroit
puma_2601004,America/Detroit
puma_2601100,America/Detroit
puma_2601200,America/Detroit
puma_2601300,America/Detroit
puma_2601400,America/Detroit
puma_2601500,America/Detroit
puma_2601600,America/Detroit
puma_2601701,America/Detroit
puma_2601702,America/Detroit
puma_2601703,America/Detroit
puma_2601704,America/Detroit
puma_2601801,America/Detroit
puma_2601802,America/Detroit
puma_2601900,America/Detroit
puma_2602000,America/Detroit
puma_2602101,America/Detroit
puma_2602102,America/Detroit
puma_2602200,America/Detroit
puma_2602300,America/Detroit
puma_2602400,America/Detroit
puma_2602500,America/Detroit
puma_2602600,America/Detroit
puma_2602701,America/Detroit
puma_2602702,America/Detroit
puma_2602703,America/Detroit
puma_2602800,America/Detroit
puma_2602901,America/Detroit
puma_2602902,America/Detroit
puma_2602903,America/Detroit
puma_2602904,America/Detroit
puma_2602905,America/Detroit
puma_2602906,America/Detroit
puma_2602907,America/Detroit
puma_2602908,America/Detroit
puma_2603001,America/Detroit
puma_2603002,America/Detroit
puma_2603003,America/Detroit
puma_2603004,America/Detroit
puma_2603005,America/Detroit
puma_2603006,America/Detroit
puma_2603100,America/Detroit
puma_2603201,America/Detroit
puma_2603202,America/Detroit
puma_2603203,America/Detroit
puma_2603204,America/Detroit
puma_2603205,America/Detroit
puma_2603206,America/Detroit
puma_2603207,America/Detroit
puma_2603208,America/Detroit
puma_2603209,America/Detroit
puma_2603210,America/Detroit
puma_2603211,America/Detroit
puma_2603212,America/Detroit
puma_2603213,America/Detroit
puma_2603300,America/Detroit
puma_2700100,America/Chicago
puma_2700200,America/Chicago
puma_2700300,America/Chicago
puma_2700400,America/Chicago
puma_2700500,America/Chicago
puma_2700600,America/Chicago
puma_2700700,America/Chicago
puma_2700800,America/Chicago
puma_2700900,America/Chicago
puma_2701000,America/Chicago
puma_2701101,America/Chicago
puma_2701102,America/Chicago
puma_2701103,America/Chicago
puma_2701201,America/Chicago
puma_2701202,America/Chicago
puma_2701301,America/Chicago
puma_2701302,America/Chicago
puma_2701303,America/Chicago
puma_2701304,America/Chicago
puma_2701401,America/Chicago
puma_2701402,America/Chicago
puma_2701403,America/Chicago
puma_2701404,America/Chicago
puma_2701405,America/Chicago
puma_2701406,America/Chicago
puma_2701407,America/Chicago
puma_2701408,America/Chicago
puma_2701409,America/Chicago
puma_2701410,America/Chicago
puma_2701501,America/Chicago
puma_2701502,America/Chicago
puma_2701503,America/Chicago
puma_2701600,America/Chicago
puma_2701700,America/Chicago
puma_2701800,America/Chicago
puma_2701900,America/Chicago
puma_2702000,America/Chicago
puma_2702100,America/Chicago
puma_2702200,America/Chicago
puma_2702300,America/Chicago
puma_2702400,America/Chicago
puma_2702500,America/Chicago
puma_2702600,America/Chicago
puma_2800100,America/Chicago
puma_2800200,America/Chicago
puma_2800300,America/Chicago
puma_2800400,America/Chicago
puma_2800500,America/Chicago
puma_2800600,America/Chicago
puma_2800700,America/Chicago
puma_2800800,America/Chicago
puma_2800900,America/Chicago
puma_2801000,America/Chicago
puma_2801100,America/Chicago
puma_2801200,America/Chicago
puma_2801300,America/Chicago
puma_2801400,America/Chicago
puma_2801500,America/Chicago
puma_2801600,America/Chicago
puma_2801700,America/Chicago
puma_2801800,America/Chicago
puma_2801900,America/Chicago
puma_2802000,America/Chicago
puma_2802100,America/Chicago
puma_2900100,America/Chicago
puma_2900200,America/Chicago
puma_2900300,America/Chicago
puma_2900400,America/Chicago
puma_2900500,America/Chicago
puma_2900600,America/Chicago
puma_2900700,America/Chicago
puma_2900800,America/Chicago
puma_2900901,America/Chicago
puma_2900902,America/Chicago
puma_2900903,America/Chicago
puma_2901001,America/Chicago
puma_2901002,America/Chicago
puma_2901003,America/Chicago
puma_2901004,America/Chicago
puma_2901005,America/Chicago
puma_2901100,America/Chicago
puma_2901200,America/Chicago
puma_2901300,America/Chicago
puma_2901400,America/Chicago
puma_2901500,America/Chicago
puma_2901600,America/Chicago
puma_2901701,America/Chicago
puma_2901702,America/Chicago
puma_2901703,America/Chicago
puma_2901801,America/Chicago
puma_2901802,America/Chicago
puma_2901803,America/Chicago
puma_2901804,America/Chicago
puma_2901805,America/Chicago
puma_2901806,America/Chicago
puma_2901807,America/Chicago
puma_2901808,America/Chicago
puma_2901901,America/Chicago
puma_2901902,America/Chicago
puma_2902001,America/Chicago
puma_2902002,America/Chicago
puma_2902100,America/Chicago
puma_2902200,America/Chicago
puma_2902300,America/Chicago
puma_2902400,America/Chicago
puma_2902500,America/Chicago
puma_2902601,America/Chicago
puma_2902602,America/Chicago
puma_2902603,America/Chicago
puma_2902700,America/Chicago
puma_2902800,America/Chicago
puma_3000100,America/Denver
puma_3000200,America/Denver
puma_3000300,America/Denver
puma_3000400,America/Denver
puma_3000500,America/Denver
puma_3000600,America/Denver
puma_3000700,America/Denver
puma_3100100,America/Denver
puma_3100200,America/Chicago
puma_3100300,America/Chicago
puma_3100400,America/Chicago
puma_3100500,America/Chicago
puma_3100600,America/Chicago
puma_3100701,America/Chicago
puma_3100702,America/Chicago
puma_3100801,America/Chicago
puma_3100802,America/Chicago
puma_3100901,America/Chicago
puma_3100902,America/Chicago
puma_3100903,America/Chicago
puma_3100904,America/Chicago
puma_3200101,America/Los_Angeles
puma_3200102,America/Los_Angeles
puma_3200103,America/Los_Angeles
puma_3200200,America/Los_Angeles
puma_3200300,America/Los_Angeles
puma_3200401,America/Los_Angeles
puma_3200402,America/Los_Angeles
puma_3200403,America/Los_Angeles
puma_3200404,America/Los_Angeles
puma_3200405,America/Los_Angeles
puma_3200406,America/Los_Angeles
puma_3200407,America/Los_Angeles
puma_3200408,America/Los_Angeles
puma_3200409,America/Los_Angeles
puma_3200410,America/Los_Angeles
puma_3200411,America/Los_Angeles
puma_3200412,America/Los_Angeles
puma_3200413,America/Los_Angeles
puma_3300100,America/New_York
puma_3300200,America/New_York
puma_3300300,America/New_York
puma_3300400,America/New_York
puma_3300500,America/New_York
puma_3300600,America/New_York
puma_3300700,America/New_York
puma_3300800,America/New_York
puma_3300900,America/New_York
puma_3301000,America/New_York
puma_3400101,America/New_York
puma_3400102,America/New_York
puma_3400301,America/New_York
puma_3400302,America/New_York
puma_3400303,America/New_York
puma_3400304,America/New_York
puma_3400305,America/New_York
puma_3400306,America/New_York
puma_3400307,America/New_York
puma_3400308,America/New_York
puma_3400400,America/New_York
puma_3400501,America/New_York
puma_3400502,America/New_York
puma_3400503,America/New_York
puma_3400601,America/New_York
puma_3400602,America/New_York
puma_3400701,America/New_York
puma_3400702,America/New_York
puma_3400703,America/New_York
puma_3400800,America/New_York
puma_3400901,America/New_York
puma_3400902,America/New_York
puma_3400903,America/New_York
puma_3400904,America/New_York
puma_3400905,America/New_York
puma_3400906,America/New_York
puma_3400907,America/New_York
puma_3401001,America/New_York
puma_3401002,America/New_York
puma_3401003,America/New_York
puma_3401101,America/New_York
puma_3401102,America/New_York
puma_3401103,America/New_York
puma_3401104,America/New_York
puma_3401105,America/New_York
puma_3401106,America/New_York
puma_3401201,America/New_York
puma_3401202,America/New_York
puma_3401203,America/New_York
puma_3401204,America/New_York
puma_3401205,America/New_York
puma_3401301,America/New_York
puma_3401302,America/New_York
puma_3401401,America/New_York
puma_3401402,America/New_York
puma_3401403,America/New_York
puma_3401404,America/New_York
puma_3401501,America/New_York
puma_3401502,America/New_York
puma_3401503,America/New_York
puma_3401504,America/New_York
puma_3401600,America/New_York
puma_3401700,America/New_York
puma_3401800,America/New_York
puma_3401901,America/New_York
puma_3401902,America/New_York
puma_3401903,America/New_York
puma_3401904,America/New_York
puma_3402001,America/New_York
puma_3402002,America/New_York
puma_3402003,America/New_York
puma_3402101,America/New_York
puma_3402102,America/New_York
puma_3402103,America/New_York
puma_3402104,America/New_York
puma_3402201,America/New_York
puma_3402202,America/New_York
puma_3402301,America/New_York
puma_3402302,America/New_York
puma_3402303,America/New_York
puma_3402400,America/New_York
puma_3402500,America/New_York
puma_3402600,America/New_York
puma_3500100,America/Denver
puma_3500200,America/Denver
puma_3500300,America/Denver
puma_3500400,America/Denver
puma_3500500,America/Denver
puma_3500600,America/Denver
puma_3500700,America/Denver
puma_3500801,America/Denver
puma_3500802,America/Denver
puma_3500803,America/Denver
puma_3500804,America/Denver
puma_3500805,America/Denver
puma_3500806,America/Denver
puma_3500900,America/Denver
puma_3501001,America/Denver
puma_3501002,America/Denver
puma_3501100,America/Denver
puma_3501200,America/Denver
puma_3600100,America/New_York
puma_3600200,America/New_York
puma_3600300,America/New_York
puma_3600401,America/New_York
puma_3600402,America/New_York
puma_3600403,America/New_York
puma_3600500,America/New_York
puma_3600600,America/New_York
puma_3600701,America/New_York
puma_3600702,America/New_York
puma_3600703,America/New_York
puma_3600704,America/New_York
puma_3600800,America/New_York
puma_3600901,America/New_York
puma_3600902,America/New_York
puma_3600903,America/New_York
puma_3600904,America/New_York
puma_3600905,America/New_York
puma_3600906,America/New_York
puma_3601000,America/New_York
puma_3601101,America/New_York
puma_3601102,America/New_York
puma_3601201,America/New_York
puma_3601202,America/New_York
puma_3601203,America/New_York
puma_3601204,America/New_York
puma_3601205,America/New_York
puma_3601206,America/New_York
puma_3601207,America/New_York
puma_3601300,America/New_York
puma_3601400,America/New_York
puma_3601500,America/New_York
puma_3601600,America/New_York
puma_3601700,America/New_York
puma_3601801,America/New_York
puma_3601802,America/New_York
puma_3601900,America/New_York
puma_3602001,America/New_York
puma_3602002,America/New_York
puma_3602100,America/New_York
puma_3602201,America/New_York
puma_3602202,America/New_York
puma_3602203,America/New_York
puma_3602300,America/New_York
puma_3602401,America/New_York
puma_3602402,America/New_York
puma_3602500,America/New_York
puma_3602600,America/New_York
puma_3602701,America/New_York
puma_3602702,America/New_York
puma_3602801,America/New_York
puma_3602802,America/New_York
puma_3602901,America/New_York
puma_3602902,America/New_York
puma_3602903,America/New_York
puma_3603001,America/New_York
puma_3603002,America/New_York
puma_3603003,America/New_York
puma_3603101,America/New_York
puma_3603102,America/New_York
puma_3603103,America/New_York
puma_3603104,America/New_York
puma_3603105,America/New_York
puma_3603106,America/New_York
puma_3603107,America/New_York
puma_3603201,America/New_York
puma_3603202,America/New_York
puma_3603203,America/New_York
puma_3603204,America/New_York
puma_3603205,America/New_York
puma_3603206,America/New_York
puma_3603207,America/New_York
puma_3603208,America/New_York
puma_3603209,America/New_York
puma_3603210,America/New_York
puma_3603211,America/New_York
puma_3603212,America/New_York
puma_3603301,America/New_York
puma_3603302,America/New_York
puma_3603303,America/New_York
puma_3603304,America/New_York
puma_3603305,America/New_York
puma_3603306,America/New_York
puma_3603307,America/New_York
puma_3603308,America/New_York
puma_3603309,America/New_York
puma_3603310,America/New_York
puma_3603311,America/New_York
puma_3603312,America/New_York
puma_3603313,America/New_York
puma_3603701,America/New_York
puma_3603702,America/New_York
puma_3603703,America/New_York
puma_3603704,America/New_York
puma_3603705,America/New_York
puma_3603706,America/New_York
puma_3603707,America/New_York
puma_3603708,America/New_York
puma_3603709,America/New_York
puma_3603710,America/New_York
puma_3603801,America/New_York
puma_3603802,America/New_York
puma_3603803,America/New_York
puma_3603804,America/New_York
puma_3603805,America/New_York
puma_3603806,America/New_York
puma_3603807,America/New_York
puma_3603808,America/New_York
puma_3603809,America/New_York
puma_3603810,America/New_York
puma_3603901,America/New_York
puma_3603902,America/New_York
puma_3603903,America/New_York
puma_3604001,America/New_York
puma_3604002,America/New_York
puma_3604003,America/New_York
puma_3604004,America/New_York
puma_3604005,America/New_York
puma_3604006,America/New_York
puma_3604007,America/New_York
puma_3604008,America/New_York
puma_3604009,America/New_York
puma_3604010,America/New_York
puma_3604011,America/New_York
puma_3604012,America/New_York
puma_3604013,America/New_York
puma_3604014,America/New_York
puma_3604015,America/New_York
puma_3604016,America/New_York
puma_3604017,America/New_York
puma_3604018,America/New_York
puma_3604101,America/New_York
puma_3604102,America/New_York
puma_3604103,America/New_York
puma_3604104,America/New_York
puma_3604105,America/New_York
puma_3604106,America/New_York
puma_3604107,America/New_York
puma_3604108,America/New_York
puma_3604109,America/New_York
puma_3604110,America/New_York
puma_3604111,America/New_York
puma_3604112,America/New_York
puma_3604113,America/New_York
puma_3604114,America/New_York
puma_3700100,America/New_York
puma_3700200,America/New_York
puma_3700300,America/New_York
puma_3700400,America/New_York
puma_3700500,America/New_York
puma_3700600,America/New_York
puma_3700700,America/New_York
puma_3700800,America/New_York
puma_3700900,America/New_York
puma_3701000,America/New_York
puma_3701100,America/New_York
puma_3701201,America/New_York
puma_3701202,America/New_York
puma_3701203,America/New_York
puma_3701204,America/New_York
puma_3701205,America/New_York
puma_3701206,America/New_York
puma_3701207,America/New_York
puma_3701208,America/New_York
puma_3701301,America/New_York
puma_3701302,America/New_York
puma_3701400,America/New_York
puma_3701500,America/New_York
puma_3701600,America/New_York
puma_3701701,America/New_York
puma_3701702,America/New_York
puma_3701703,America/New_York
puma_3701704,America/New_York
puma_3701801,America/New_York
puma_3701802,America/New_York
puma_3701803,America/New_York
puma_3701900,America/New_York
puma_3702000,America/New_York
puma_3702100,America/New_York
puma_3702201,America/New_York
puma_3702202,America/New_York
puma_3702300,America/New_York
puma_3702400,America/New_York
puma_3702500,America/New_York
puma_3702600,America/New_York
puma_3702700,America/New_York
puma_3702800,America/New_York
puma_3702900,America/New_York
puma_3703001,America/New_York
puma_3703002,America/New_York
puma_3703101,America/New_York
puma_3703102,America/New_York
puma_3703103,America/New_York
puma_3703104,America/New_York
puma_3703105,America/New_York
puma_3703106,America/New_York
puma_3703107,America/New_York
puma_3703108,America/New_York
puma_3703200,America/New_York
puma_3703300,America/New_York
puma_3703400,America/New_York
puma_3703500,America/New_York
puma_3703600,America/New_York
puma_3703700,America/New_York
puma_3703800,America/New_York
puma_3703900,America/New_York
puma_3704000,America/New_York
puma_3704100,America/New_York
puma_3704200,America/New_York
puma_3704300,America/New_York
puma_3704400,America/New_York
puma_3704500,America/New_York
puma_3704600,America/New_York
puma_3704700,America/New_York
puma_3704800,America/New_York
puma_3704900,America/New_York
puma_3705001,America/New_York
puma_3705002,America/New_York
puma_3705003,America/New_York
puma_3705100,America/New_York
puma_3705200,America/New_York
puma_3705300,America/New_York
puma_3705400,America/New_York
puma_3800100,America/Chicago
puma_3800200,America/Chicago
puma_3800300,America/Chicago
puma_3800400,America/Chicago
puma_3800500,America/Chicago
puma_3900100,America/New_York
puma_3900200,America/New_York
puma_3900300,America/New_York
puma_3900400,America/New_York
puma_3900500,America/New_York
puma_3900600,America/New_York
puma_3900700,America/New_York
puma_3900801,America/New_York
puma_3900802,America/New_York
puma_3900901,America/New_York
puma_3900902,America/New_York
puma_3900903,America/New_York
puma_3900904,America/New_York
puma_3900905,America/New_York
puma_3900906,America/New_York
puma_3900907,America/New_York
puma_3900908,America/New_York
puma_3900909,America/New_York
puma_3900910,America/New_York
puma_3901000,America/New_York
puma_3901100,America/New_York
puma_3901200,America/New_York
puma_3901300,America/New_York
puma_3901400,America/New_York
puma_3901500,America/New_York
puma_3901600,America/New_York
puma_3901700,America/New_York
puma_3901801,America/New_York
puma_3901802,America/New_York
puma_3901803,America/New_York
puma_3901804,America/New_York
puma_3901805,America/New_York
puma_3901900,America/New_York
puma_3902000,America/New_York
puma_3902100,America/New_York
puma_3902200,America/New_York
puma_3902300,America/New_York
puma_3902400,America/New_York
puma_3902500,America/New_York
puma_3902600,America/New_York
puma_3902700,America/New_York
puma_3902800,America/New_York
puma_3902900,America/New_York
puma_3903000,America/New_York
puma_3903100,America/New_York
puma_3903200,America/New_York
puma_3903300,America/New_York
puma_3903400,America/New_York
puma_3903500,America/New_York
puma_3903600,America/New_York
puma_3903700,America/New_York
puma_3903800,America/New_York
puma_3903900,America/New_York
puma_3904000,America/New_York
puma_3904101,America/New_York
puma_3904102,America/New_York
puma_3904103,America/New_York
puma_3904104,America/New_York
puma_3904105,America/New_York
puma_3904106,America/New_York
puma_3904107,America/New_York
puma_3904108,America/New_York
puma_3904109,America/New_York
puma_3904110,America/New_York
puma_3904111,America/New_York
puma_3904200,America/New_York
puma_3904300,America/New_York
puma_3904400,America/New_York
puma_3904500,America/New_York
puma_3904601,America/New_York
puma_3904602,America/New_York
puma_3904603,America/New_York
puma_3904604,America/New_York
puma_3904700,America/New_York
puma_3904800,America/New_York
puma_3904900,America/New_York
puma_3905000,America/New_York
puma_3905100,America/New_York
puma_3905200,America/New_York
puma_3905301,America/New_York
puma_3905302,America/New_York
puma_3905401,America/New_York
puma_3905402,America/New_York
puma_3905403,America/New_York
puma_3905501,America/New_York
puma_3905502,America/New_York
puma_3905503,America/New_York
puma_3905504,America/New_York
puma_3905505,America/New_York
puma_3905506,America/New_York
puma_3905507,America/New_York
puma_3905600,America/New_York
puma_3905700,America/New_York
puma_4000100,America/Chicago
puma_4000200,America/Chicago
puma_4000300,America/Chicago
puma_4000400,America/Chicago
puma_4000500,America/Chicago
puma_4000601,America/Chicago
puma_4000602,America/Chicago
puma_4000701,America/Chicago
puma_4000702,America/Chicago
puma_4000800,America/Chicago
puma_4000900,America/Chicago
puma_4001001,America/Chicago
puma_4001002,America/Chicago
puma_4001003,America/Chicago
puma_4001004,America/Chicago
puma_4001005,America/Chicago
puma_4001006,America/Chicago
puma_4001101,America/Chicago
puma_4001102,America/Chicago
puma_4001201,America/Chicago
puma_4001202,America/Chicago
puma_4001203,America/Chicago
puma_4001204,America/Chicago
puma_4001301,America/Chicago
puma_4001302,America/Chicago
puma_4001400,America/Chicago
puma_4001501,America/Chicago
puma_4001601,America/Chicago
puma_4100100,America/Los_Angeles
puma_4100200,America/Los_Angeles
puma_4100300,America/Los_Angeles
puma_4100400,America/Los_Angeles
puma_4100500,America/Los_Angeles
puma_4100600,America/Los_Angeles
puma_4100703,America/Los_Angeles
puma_4100704,America/Los_Angeles
puma_4100705,America/Los_Angeles
puma_4100800,America/Los_Angeles
puma_4100901,America/Los_Angeles
puma_4100902,America/Los_Angeles
puma_4101000,America/Los_Angeles
puma_4101103,America/Los_Angeles
puma_4101104,America/Los_Angeles
puma_4101105,America/Los_Angeles
puma_4101200,America/Los_Angeles
puma_4101301,America/Los_Angeles
puma_4101302,America/Los_Angeles
puma_4101303,America/Los_Angeles
puma_4101305,America/Los_Angeles
puma_4101314,America/Los_Angeles
puma_4101316,America/Los_Angeles
puma_4101317,America/Los_Angeles
puma_4101318,America/Los_Angeles
puma_4101319,America/Los_Angeles
puma_4101320,America/Los_Angeles
puma_4101321,America/Los_Angeles
puma_4101322,America/Los_Angeles
puma_4101323,America/Los_Angeles
puma_4101324,America/Los_Angeles
puma_4200101,America/New_York
puma_4200102,America/New_York
puma_4200200,America/New_York
puma_4200300,America/New_York
puma_4200400,America/New_York
puma_4200500,America/New_York
puma_4200600,America/New_York
puma_4200701,America/New_York
puma_4200702,America/New_York
puma_4200801,America/New_York
puma_4200802,America/New_York
puma_4200803,America/New_York
puma_4200900,America/New_York
puma_4201000,America/New_York
puma_4201100,America/New_York
puma_4201200,America/New_York
puma_4201300,America/New_York
puma_4201400,America/New_York
puma_4201501,America/New_York
puma_4201502,America/New_York
puma_4201600,America/New_York
puma_4201701,America/New_York
puma_4201702,America/New_York
puma_4201801,America/New_York
puma_4201802,America/New_York
puma_4201803,America/New_York
puma_4201804,America/New_York
puma_4201805,America/New_York
puma_4201806,America/New_York
puma_4201807,America/New_York
puma_4201900,America/New_York
puma_4202001,America/New_York
puma_4202002,America/New_York
puma_4202003,America/New_York
puma_4202100,America/New_York
puma_4202200,America/New_York
puma_4202301,America/New_York
puma_4202302,America/New_York
puma_4202401,America/New_York
puma_4202402,America/New_York
puma_4202500,America/New_York
puma_4202600,America/New_York
puma_4202701,America/New_York
puma_4202702,America/New_York
puma_4202703,America/New_York
puma_4202801,America/New_York
puma_4202802,America/New_York
puma_4202803,America/New_York
puma_4202901,America/New_York
puma_4202902,America/New_York
puma_4203001,America/New_York
puma_4203002,America/New_York
puma_4203003,America/New_York
puma_4203004,America/New_York
puma_4203101,America/New_York
puma_4203102,America/New_York
puma_4203103,America/New_York
puma_4203104,America/New_York
puma_4203105,America/New_York
puma_4203106,America/New_York
puma_4203201,America/New_York
puma_4203202,America/New_York
puma_4203203,America/New_York
puma_4203204,America/New_York
puma_4203205,America/New_York
puma_4203206,America/New_York
puma_4203207,America/New_York
puma_4203208,America/New_York
puma_4203209,America/New_York
puma_4203210,America/New_York
puma_4203211,America/New_York
puma_4203301,America/New_York
puma_4203302,America/New_York
puma_4203303,America/New_York
puma_4203304,America/New_York
puma_4203401,America/New_York
puma_4203402,America/New_York
puma_4203403,America/New_York
puma_4203404,America/New_York
puma_4203501,America/New_York
puma_4203502,America/New_York
puma_4203503,America/New_York
puma_4203504,America/New_York
puma_4203601,America/New_York
puma_4203602,America/New_York
puma_4203603,America/New_York
puma_4203701,America/New_York
puma_4203702,America/New_York
puma_4203800,America/New_York
puma_4203900,America/New_York
puma_4204001,America/New_York
puma_4204002,America/New_York
puma_4400101,America/New_York
puma_4400102,America/New_York
puma_4400103,America/New_York
puma_4400104,America/New_York
puma_4400201,America/New_York
puma_4400300,America/New_York
puma_4400400,America/New_York
puma_4500101,America/New_York
puma_4500102,America/New_York
puma_4500103,America/New_York
puma_4500104,America/New_York
puma_4500105,America/New_York
puma_4500200,America/New_York
puma_4500301,America/New_York
puma_4500302,America/New_York
puma_4500400,America/New_York
puma_4500501,America/New_York
puma_4500502,America/New_York
puma_4500601,America/New_York
puma_4500602,America/New_York
puma_4500603,America/New_York
puma_4500604,America/New_York
puma_4500605,America/New_York
puma_4500700,America/New_York
puma_4500800,America/New_York
puma_4500900,America/New_York
puma_4501000,America/New_York
puma_4501101,America/New_York
puma_4501102,America/New_York
puma_4501201,America/New_York
puma_4501202,America/New_York
puma_4501203,America/New_York
puma_4501204,America/New_York
puma_4501300,America/New_York
puma_4501400,America/New_York
puma_4501500,America/New_York
puma_4501600,America/New_York
puma_4600100,America/Denver
puma_4600200,America/Denver
puma_4600300,America/Chicago
puma_4600400,America/Chicago
puma_4600500,America/Chicago
puma_4600600,America/Chicago
puma_4700100,America/Chicago
puma_4700200,America/Chicago
puma_4700300,America/Chicago
puma_4700400,America/Chicago
puma_4700500,America/Chicago
puma_4700600,America/Chicago
puma_4700700,America/Chicago
puma_4700800,America/Chicago
puma_4700900,America/New_York
puma_4701000,America/New_York
puma_4701100,America/New_York
puma_4701200,America/New_York
puma_4701300,America/New_York
puma_4701400,America/New_York
puma_4701500,America/New_York
puma_4701601,America/New_York
puma_4701602,America/New_York
puma_4701603,America/New_York
puma_4701604,America/New_York
puma_4701700,America/New_York
puma_4701800,America/New_York
puma_4701900,America/New_York
puma_4702001,America/New_York
puma_4702002,America/New_York
puma_4702003,America/New_York
puma_4702100,America/Chicago
puma_4702200,America/Chicago
puma_4702300,America/Chicago
puma_4702401,America/Chicago
puma_4702402,America/Chicago
puma_4702501,America/Chicago
puma_4702502,America/Chicago
puma_4702503,America/Chicago
puma_4702504,America/Chicago
puma_4702505,America/Chicago
puma_4702600,America/Chicago
puma_4702700,America/Chicago
puma_4702800,America/Chicago
puma_4702900,America/Chicago
puma_4703000,America/Chicago
puma_4703100,America/Chicago
puma_4703201,America/Chicago
puma_4703202,America/Chicago
puma_4703203,America/Chicago
puma_4703204,America/Chicago
puma_4703205,America/Chicago
puma_4703206,America/Chicago
puma_4703207,America/Chicago
puma_4703208,America/Chicago
puma_4800100,America/Chicago
puma_4800200,America/Chicago
puma_4800300,America/Chicago
puma_4800400,America/Chicago
puma_4800501,America/Chicago
puma_4800502,America/Chicago
puma_4800600,America/Chicago
puma_4800700,America/Chicago
puma_4800800,America/Chicago
puma_4800900,America/Chicago
puma_4801000,America/Chicago
puma_4801100,America/Chicago
puma_4801200,America/Chicago
puma_4801300,America/Chicago
puma_4801400,America/Chicago
puma_4801501,America/Chicago
puma_4801502,America/Chicago
puma_4801600,America/Chicago
puma_4801700,America/Chicago
puma_4801800,America/Chicago
puma_4801901,America/Chicago
puma_4801902,America/Chicago
puma_4801903,America/Chicago
puma_4801904,America/Chicago
puma_4801905,America/Chicago
puma_4801906,America/Chicago
puma_4801907,America/Chicago
puma_4802001,America/Chicago
puma_4802002,America/Chicago
puma_4802003,America/Chicago
puma_4802004,America/Chicago
puma_4802005,America/Chicago
puma_4802006,America/Chicago
puma_4802101,America/Chicago
puma_4802102,America/Chicago
puma_4802200,America/Chicago
puma_4802301,America/Chicago
puma_4802302,America/Chicago
puma_4802303,America/Chicago
puma_4802304,America/Chicago
puma_4802305,America/Chicago
puma_4802306,America/Chicago
puma_4802307,America/Chicago
puma_4802308,America/Chicago
puma_4802309,America/Chicago
puma_4802310,America/Chicago
puma_4802311,America/Chicago
puma_4802312,America/Chicago
puma_4802313,America/Chicago
puma_4802314,America/Chicago
puma_4802315,America/Chicago
puma_4802316,America/Chicago
puma_4802317,America/Chicago
puma_4802318,America/Chicago
puma_4802319,America/Chicago
puma_4802320,America/Chicago
puma_4802321,America/Chicago
puma_4802322,America/Chicago
puma_4802400,America/Chicago
puma_4802501,America/Chicago
puma_4802502,America/Chicago
puma_4802503,America/Chicago
puma_4802504,America/Chicago
puma_4802505,America/Chicago
puma_4802506,America/Chicago
puma_4802507,America/Chicago
puma_4802508,America/Chicago
puma_4802509,America/Chicago
puma_4802510,America/Chicago
puma_4802511,America/Chicago
puma_4802512,America/Chicago
puma_4802513,America/Chicago
puma_4802514,America/Chicago
puma_4802515,America/Chicago
puma_4802516,America/Chicago
puma_4802600,America/Chicago
puma_4802700,America/Chicago
puma_4802800,America/Chicago
puma_4802900,America/Chicago
puma_4803000,America/Chicago
puma_4803100,America/Chicago
puma_4803200,America/Chicago
puma_4803301,America/Denver
puma_4803302,America/Denver
puma_4803303,America/Denver
puma_4803304,America/Denver
puma_4803305,America/Denver
puma_4803306,America/Denver
puma_4803400,America/Chicago
puma_4803501,America/Chicago
puma_4803502,America/Chicago
puma_4803601,America/Chicago
puma_4803602,America/Chicago
puma_4803700,America/Chicago
puma_4803801,America/Chicago
puma_4803802,America/Chicago
puma_4803900,America/Chicago
puma_4804000,America/Chicago
puma_4804100,America/Chicago
puma_4804200,America/Chicago
puma_4804301,America/Chicago
puma_4804302,America/Chicago
puma_4804400,America/Chicago
puma_4804501,America/Chicago
puma_4804502,America/Chicago
puma_4804503,America/Chicago
puma_4804504,America/Chicago
puma_4804601,America/Chicago
puma_4804602,America/Chicago
puma_4804603,America/Chicago
puma_4804604,America/Chicago
puma_4804605,America/Chicago
puma_4804606,America/Chicago
puma_4804607,America/Chicago
puma_4804608,America/Chicago
puma_4804609,America/Chicago
puma_4804610,America/Chicago
puma_4804611,America/Chicago
puma_4804612,America/Chicago
puma_4804613,America/Chicago
puma_4804614,America/Chicago
puma_4804615,America/Chicago
puma_4804616,America/Chicago
puma_4804617,America/Chicago
puma_4804618,America/Chicago
puma_4804619,America/Chicago
puma_4804620,America/Chicago
puma_4804621,America/Chicago
puma_4804622,America/Chicago
puma_4804623,America/Chicago
puma_4804624,America/Chicago
puma_4804625,America/Chicago
puma_4804626,America/Chicago
puma_4804627,America/Chicago
puma_4804628,America/Chicago
puma_4804629,America/Chicago
puma_4804630,America/Chicago
puma_4804631,America/Chicago
puma_4804632,America/Chicago
puma_4804633,America/Chicago
puma_4804634,America/Chicago
puma_4804635,America/Chicago
puma_4804636,America/Chicago
puma_4804637,America/Chicago
puma_4804638,America/Chicago
puma_4804701,America/Chicago
puma_4804702,America/Chicago
puma_4804801,America/Chicago
puma_4804802,America/Chicago
puma_4804803,America/Chicago
puma_4804901,America/Chicago
puma_4804902,America/Chicago
puma_4804903,America/Chicago
puma_4804904,America/Chicago
puma_4804905,America/Chicago
puma_4805000,America/Chicago
puma_4805100,America/Chicago
puma_4805201,America/Chicago
puma_4805202,America/Chicago
puma_4805203,America/Chicago
puma_4805204,America/Chicago
puma_4805301,America/Chicago
puma_4805302,America/Chicago
puma_4805303,America/Chicago
puma_4805304,America/Chicago
puma_4805305,America/Chicago
puma_4805306,America/Chicago
puma_4805307,America/Chicago
puma_4805308,America/Chicago
puma_4805309,America/Chicago
puma_4805400,America/Chicago
puma_4805500,America/Chicago
puma_4805600,America/Chicago
puma_4805700,America/Chicago
puma_4805800,America/Chicago
puma_4805901,America/Chicago
puma_4805902,America/Chicago
puma_4805903,America/Chicago
puma_4805904,America/Chicago
puma_4805905,America/Chicago
puma_4805906,America/Chicago
puma_4805907,America/Chicago
puma_4805908,America/Chicago
puma_4805909,America/Chicago
puma_4805910,America/Chicago
puma_4805911,America/Chicago
puma_4805912,America/Chicago
puma_4805913,America/Chicago
puma_4805914,America/Chicago
puma_4805915,America/Chicago
puma_4805916,America/Chicago
puma_4806000,America/Chicago
puma_4806100,America/Chicago
puma_4806200,America/Chicago
puma_4806301,America/Chicago
puma_4806302,America/Chicago
puma_4806400,America/Chicago
puma_4806500,America/Chicago
puma_4806601,America/Chicago
puma_4806602,America/Chicago
puma_4806603,America/Chicago
puma_4806701,America/Chicago
puma_4806702,America/Chicago
puma_4806703,America/Chicago
puma_4806801,America/Chicago
puma_4806802,America/Chicago
puma_4806803,America/Chicago
puma_4806804,America/Chicago
puma_4806805,America/Chicago
puma_4806806,America/Chicago
puma_4806807,America/Chicago
puma_4806900,America/Chicago
puma_4903001,America/Denver
puma_4905001,America/Denver
puma_4911001,America/Denver
puma_4911002,America/Denver
puma_4913001,America/Denver
puma_4921001,America/Denver
puma_4935001,America/Denver
puma_4935002,America/Denver
puma_4935003,America/Denver
puma_4935004,America/Denver
puma_4935005,America/Denver
puma_4935006,America/Denver
puma_4935007,America/Denver
puma_4935008,America/Denver
puma_4935009,America/Denver
puma_4949001,America/Denver
puma_4949002,America/Denver
puma_4949003,America/Denver
puma_4949004,America/Denver
puma_4953001,America/Denver
puma_4957001,America/Denver
puma_4957002,America/Denver
puma_5000100,America/New_York
puma_5000200,America/New_York
puma_5000300,America/New_York
puma_5000400,America/New_York
puma_5101301,America/New_York
puma_5101302,America/New_York
puma_5104101,America/New_York
puma_5104102,America/New_York
puma_5104103,America/New_York
puma_5110701,America/New_York
puma_5110702,America/New_York
puma_5110703,America/New_York
puma_5151010,America/New_York
puma_5151020,America/New_York
puma_5151040,America/New_York
puma_5151044,America/New_York
puma_5151045,America/New_York
puma_5151080,America/New_York
puma_5151084,America/New_York
puma_5151085,America/New_York
puma_5151087,America/New_York
puma_5151089,America/New_York
puma_5151090,America/New_York
puma_5151095,America/New_York
puma_5151096,America/New_York
puma_5151097,America/New_York
puma_5151105,America/New_York
puma_5151110,America/New_York
puma_5151115,America/New_York
puma_5151120,America/New_York
puma_5151125,America/New_York
puma_5151135,America/New_York
puma_5151145,America/New_York
puma_5151154,America/New_York
puma_5151155,America/New_York
puma_5151164,America/New_York
puma_5151165,America/New_York
puma_5151167,America/New_York
puma_5151175,America/New_York
puma_5151186,America/New_York
puma_5151206,America/New_York
puma_5151215,America/New_York
puma_5151224,America/New_York
puma_5151225,America/New_York
puma_5151235,America/New_York
puma_5151244,America/New_York
puma_5151245,America/New_York
puma_5151246,America/New_York
puma_5151255,America/New_York
puma_5155001,America/New_York
puma_5155002,America/New_York
puma_5159301,America/New_York
puma_5159302,America/New_York
puma_5159303,America/New_York
puma_5159304,America/New_York
puma_5159305,America/New_York
puma_5159306,America/New_York
puma_5159307,America/New_York
puma_5159308,America/New_York
puma_5159309,America/New_York
puma_5310100,America/Los_Angeles
puma_5310200,America/Los_Angeles
puma_5310300,America/Los_Angeles
puma_5310400,America/Los_Angeles
puma_5310501,America/Los_Angeles
puma_5310502,America/Los_Angeles
puma_5310503,America/Los_Angeles
puma_5310504,America/Los_Angeles
puma_5310600,America/Los_Angeles
puma_5310701,America/Los_Angeles
puma_5310702,America/Los_Angeles
puma_5310703,America/Los_Angeles
puma_5310800,America/Los_Angeles
puma_5310901,America/Los_Angeles
puma_5310902,America/Los_Angeles
puma_5311000,America/Los_Angeles
puma_5311101,America/Los_Angeles
puma_5311102,America/Los_Angeles
puma_5311103,America/Los_Angeles
puma_5311104,America/Los_Angeles
puma_5311200,America/Los_Angeles
puma_5311300,America/Los_Angeles
puma_5311401,America/Los_Angeles
puma_5311402,America/Los_Angeles
puma_5311501,America/Los_Angeles
puma_5311502,America/Los_Angeles
puma_5311503,America/Los_Angeles
puma_5311504,America/Los_Angeles
puma_5311505,America/Los_Angeles
puma_5311506,America/Los_Angeles
puma_5311507,America/Los_Angeles
puma_5311601,America/Los_Angeles
puma_5311602,America/Los_Angeles
puma_5311603,America/Los_Angeles
puma_5311604,America/Los_Angeles
puma_5311605,America/Los_Angeles
puma_5311606,America/Los_Angeles
puma_5311607,America/Los_Angeles
puma_5311608,America/Los_Angeles
puma_5311609,America/Los_Angeles
puma_5311610,America/Los_Angeles
puma_5311611,America/Los_Angeles
puma_5311612,America/Los_Angeles
puma_5311613,America/Los_Angeles
puma_5311614,America/Los_Angeles
puma_5311615,America/Los_Angeles
puma_5311616,America/Los_Angeles
puma_5311701,America/Los_Angeles
puma_5311702,America/Los_Angeles
puma_5311703,America/Los_Angeles
puma_5311704,America/Los_Angeles
puma_5311705,America/Los_Angeles
puma_5311706,America/Los_Angeles
puma_5311801,America/Los_Angeles
puma_5311802,America/Los_Angeles
puma_5311900,America/Los_Angeles
puma_5400100,America/New_York
puma_5400200,America/New_York
puma_5400300,America/New_York
puma_5400400,America/New_York
puma_5400500,America/New_York
puma_5400600,America/New_York
puma_5400700,America/New_York
puma_5400800,America/New_York
puma_5400900,America/New_York
puma_5401000,America/New_York
puma_5401100,America/New_York
puma_5401200,America/New_York
puma_5401300,America/New_York
puma_5500100,America/Chicago
puma_5500101,America/Chicago
puma_5500102,America/Chicago
puma_5500103,America/Chicago
puma_5500200,America/Chicago
puma_5500300,America/Chicago
puma_5500600,America/Chicago
puma_5500700,America/Chicago
puma_5500800,America/Chicago
puma_5500900,America/Chicago
puma_5501000,America/Chicago
puma_5501001,America/Chicago
puma_5501300,America/Chicago
puma_5501301,America/Chicago
puma_5501400,America/Chicago
puma_5501401,America/Chicago
puma_5501500,America/Chicago
puma_5501501,America/Chicago
puma_5501600,America/Chicago
puma_5501601,America/Chicago
puma_5502400,America/Chicago
puma_5502500,America/Chicago
puma_5510000,America/Chicago
puma_5520000,America/Chicago
puma_5530000,America/Chicago
puma_5540101,America/Chicago
puma_5540301,America/Chicago
puma_5540701,America/Chicago
puma_5541001,America/Chicago
puma_5541002,America/Chicago
puma_5541003,America/Chicago
puma_5541004,America/Chicago
puma_5541005,America/Chicago
puma_5550000,America/Chicago
puma_5555101,America/Chicago
puma_5555102,America/Chicago
puma_5555103,America/Chicago
puma_5570101,America/Chicago
puma_5570201,America/Chicago
puma_5570301,America/Chicago
puma_5600100,America/Denver
puma_5600200,America/Denver
puma_5600300,America/Denver
puma_5600400,America/Denver
puma_5600500,America/Denver